{"v":5,"entries":{"components-v1-client-alert--info-alert":{"type":"story","id":"components-v1-client-alert--info-alert","name":"Info Alert","title":"Components/v1/client/Alert","importPath":"./stories/v1/Alert.stories.tsx","componentPath":"./src/v1/Alert","tags":["dev","test"]},"components-v1-client-alert--success-alert":{"type":"story","id":"components-v1-client-alert--success-alert","name":"Success Alert","title":"Components/v1/client/Alert","importPath":"./stories/v1/Alert.stories.tsx","componentPath":"./src/v1/Alert","tags":["dev","test"]},"components-v1-client-alert--warning-alert":{"type":"story","id":"components-v1-client-alert--warning-alert","name":"Warning Alert","title":"Components/v1/client/Alert","importPath":"./stories/v1/Alert.stories.tsx","componentPath":"./src/v1/Alert","tags":["dev","test"]},"components-v1-client-alert--error-alert":{"type":"story","id":"components-v1-client-alert--error-alert","name":"Error Alert","title":"Components/v1/client/Alert","importPath":"./stories/v1/Alert.stories.tsx","componentPath":"./src/v1/Alert","tags":["dev","test"]},"components-v1-blurloader--docs":{"id":"components-v1-blurloader--docs","title":"Components/v1/BlurLoader","name":"Docs","importPath":"./stories/v1/BlurLoader.stories.tsx","type":"docs","tags":["dev","test","autodocs"],"storiesImports":[]},"components-v1-blurloader--default":{"type":"story","id":"components-v1-blurloader--default","name":"Default","title":"Components/v1/BlurLoader","importPath":"./stories/v1/BlurLoader.stories.tsx","tags":["dev","test","autodocs"]},"components-v1-client-buttons--docs":{"id":"components-v1-client-buttons--docs","title":"Components/v1/client/Buttons","name":"Docs","importPath":"./stories/v1/Button.stories.tsx","type":"docs","tags":["dev","test","autodocs"],"storiesImports":[]},"components-v1-client-buttons--primary":{"type":"story","id":"components-v1-client-buttons--primary","name":"Primary","title":"Components/v1/client/Buttons","importPath":"./stories/v1/Button.stories.tsx","tags":["dev","test","autodocs"]},"components-v1-client-buttons--secondary-black":{"type":"story","id":"components-v1-client-buttons--secondary-black","name":"Secondary Black","title":"Components/v1/client/Buttons","importPath":"./stories/v1/Button.stories.tsx","tags":["dev","test","autodocs"]},"components-v1-client-buttons--secondary-yellow":{"type":"story","id":"components-v1-client-buttons--secondary-yellow","name":"Secondary Yellow","title":"Components/v1/client/Buttons","importPath":"./stories/v1/Button.stories.tsx","tags":["dev","test","autodocs"]},"components-v1-client-buttons--ghost":{"type":"story","id":"components-v1-client-buttons--ghost","name":"Ghost","title":"Components/v1/client/Buttons","importPath":"./stories/v1/Button.stories.tsx","tags":["dev","test","autodocs"]},"components-v1-client-buttons--icon-only":{"type":"story","id":"components-v1-client-buttons--icon-only","name":"Icon Only","title":"Components/v1/client/Buttons","importPath":"./stories/v1/Button.stories.tsx","tags":["dev","test","autodocs"]},"components-v1-client-buttons--xs-button":{"type":"story","id":"components-v1-client-buttons--xs-button","name":"XS Button","title":"Components/v1/client/Buttons","importPath":"./stories/v1/Button.stories.tsx","tags":["dev","test","autodocs"]},"components-v1-client-buttons--xs-button-with-icon":{"type":"story","id":"components-v1-client-buttons--xs-button-with-icon","name":"XS Button With Icon","title":"Components/v1/client/Buttons","importPath":"./stories/v1/Button.stories.tsx","tags":["dev","test","autodocs"]},"components-v1-client-buttons--xs-icon-only":{"type":"story","id":"components-v1-client-buttons--xs-icon-only","name":"XS Icon Only","title":"Components/v1/client/Buttons","importPath":"./stories/v1/Button.stories.tsx","tags":["dev","test","autodocs"]},"components-v1-client-checkbox--default":{"type":"story","id":"components-v1-client-checkbox--default","name":"Default","title":"Components/v1/client/Checkbox","importPath":"./stories/v1/Checkbox.stories.tsx","componentPath":"./src/v1/Checkbox","tags":["dev","test"]},"components-v1-client-checkbox--checked":{"type":"story","id":"components-v1-client-checkbox--checked","name":"Checked","title":"Components/v1/client/Checkbox","importPath":"./stories/v1/Checkbox.stories.tsx","componentPath":"./src/v1/Checkbox","tags":["dev","test"]},"components-v1-client-checkbox--disabled":{"type":"story","id":"components-v1-client-checkbox--disabled","name":"Disabled","title":"Components/v1/client/Checkbox","importPath":"./stories/v1/Checkbox.stories.tsx","componentPath":"./src/v1/Checkbox","tags":["dev","test"]},"components-v1-chevronicon--docs":{"id":"components-v1-chevronicon--docs","title":"Components/v1/ChevronIcon","name":"Docs","importPath":"./stories/v1/ChevronIcon.stories.tsx","type":"docs","tags":["dev","test","autodocs"],"storiesImports":[]},"components-v1-chevronicon--all-directions":{"type":"story","id":"components-v1-chevronicon--all-directions","name":"Все направления","title":"Components/v1/ChevronIcon","importPath":"./stories/v1/ChevronIcon.stories.tsx","componentPath":"./src/v1/ChevronIcon","tags":["dev","test","autodocs"]},"components-v1-chevronicon--custom-styled":{"type":"story","id":"components-v1-chevronicon--custom-styled","name":"Custom Styled","title":"Components/v1/ChevronIcon","importPath":"./stories/v1/ChevronIcon.stories.tsx","componentPath":"./src/v1/ChevronIcon","tags":["dev","test","autodocs"]},"components-v1-chevronicon--in-icon-button-example":{"type":"story","id":"components-v1-chevronicon--in-icon-button-example","name":"Пример использования в кнопке","title":"Components/v1/ChevronIcon","importPath":"./stories/v1/ChevronIcon.stories.tsx","componentPath":"./src/v1/ChevronIcon","tags":["dev","test","autodocs"]},"components-v1-chevronicon--in-select-example":{"type":"story","id":"components-v1-chevronicon--in-select-example","name":"Пример использования в ссылке","title":"Components/v1/ChevronIcon","importPath":"./stories/v1/ChevronIcon.stories.tsx","componentPath":"./src/v1/ChevronIcon","tags":["dev","test","autodocs"]},"components-v1-client-descriptions--docs":{"id":"components-v1-client-descriptions--docs","title":"Components/v1/client/Descriptions","name":"Docs","importPath":"./stories/v1/Descriptions.stories.tsx","type":"docs","tags":["dev","test","autodocs"],"storiesImports":[]},"components-v1-client-descriptions--default":{"type":"story","id":"components-v1-client-descriptions--default","name":"Default","title":"Components/v1/client/Descriptions","importPath":"./stories/v1/Descriptions.stories.tsx","componentPath":"./src/v1/Descriptions","tags":["dev","test","autodocs"]},"components-v1-client-descriptions--expanded":{"type":"story","id":"components-v1-client-descriptions--expanded","name":"Expanded","title":"Components/v1/client/Descriptions","importPath":"./stories/v1/Descriptions.stories.tsx","componentPath":"./src/v1/Descriptions","tags":["dev","test","autodocs","play-fn"]},"components-v1-icon--default":{"type":"story","id":"components-v1-icon--default","name":"Default","title":"Components/v1/Icon","importPath":"./stories/v1/Icon.stories.tsx","tags":["dev","test"]},"components-v1-client-input--docs":{"id":"components-v1-client-input--docs","title":"Components/v1/client/Input","name":"Docs","importPath":"./stories/v1/Input.stories.tsx","type":"docs","tags":["dev","test","autodocs"],"storiesImports":[]},"components-v1-client-input--default":{"type":"story","id":"components-v1-client-input--default","name":"Default","title":"Components/v1/client/Input","importPath":"./stories/v1/Input.stories.tsx","componentPath":"./src/v1/inputs","tags":["dev","test","autodocs"]},"components-v1-client-input--all-states":{"type":"story","id":"components-v1-client-input--all-states","name":"All States","title":"Components/v1/client/Input","importPath":"./stories/v1/Input.stories.tsx","componentPath":"./src/v1/inputs","tags":["dev","test","autodocs"]},"components-v1-client-input--phone-input":{"type":"story","id":"components-v1-client-input--phone-input","name":"Phone Input","title":"Components/v1/client/Input","importPath":"./stories/v1/Input.stories.tsx","componentPath":"./src/v1/inputs","tags":["dev","test","autodocs"]},"components-v1-client-input--date-input":{"type":"story","id":"components-v1-client-input--date-input","name":"Date Input","title":"Components/v1/client/Input","importPath":"./stories/v1/Input.stories.tsx","componentPath":"./src/v1/inputs","tags":["dev","test","autodocs"]},"components-v1-client-input--text-area-example":{"type":"story","id":"components-v1-client-input--text-area-example","name":"Text Area Example","title":"Components/v1/client/Input","importPath":"./stories/v1/Input.stories.tsx","componentPath":"./src/v1/inputs","tags":["dev","test","autodocs"]},"components-v1-client-input--search-fields":{"type":"story","id":"components-v1-client-input--search-fields","name":"Search Fields","title":"Components/v1/client/Input","importPath":"./stories/v1/Input.stories.tsx","componentPath":"./src/v1/inputs","tags":["dev","test","autodocs"]},"components-v1-client-input--xs-input-default":{"type":"story","id":"components-v1-client-input--xs-input-default","name":"Xs Input Default","title":"Components/v1/client/Input","importPath":"./stories/v1/Input.stories.tsx","componentPath":"./src/v1/inputs","tags":["dev","test","autodocs"]},"components-v1-client-input--xs-input-all-states":{"type":"story","id":"components-v1-client-input--xs-input-all-states","name":"Xs Input All States","title":"Components/v1/client/Input","importPath":"./stories/v1/Input.stories.tsx","componentPath":"./src/v1/inputs","tags":["dev","test","autodocs"]},"components-v1-client-input--xs-input-phone":{"type":"story","id":"components-v1-client-input--xs-input-phone","name":"Xs Input Phone","title":"Components/v1/client/Input","importPath":"./stories/v1/Input.stories.tsx","componentPath":"./src/v1/inputs","tags":["dev","test","autodocs"]},"components-v1-client-input--xs-input-date":{"type":"story","id":"components-v1-client-input--xs-input-date","name":"Xs Input Date","title":"Components/v1/client/Input","importPath":"./stories/v1/Input.stories.tsx","componentPath":"./src/v1/inputs","tags":["dev","test","autodocs"]},"components-v1-client-input--xs-input-textarea":{"type":"story","id":"components-v1-client-input--xs-input-textarea","name":"Xs Input Textarea","title":"Components/v1/client/Input","importPath":"./stories/v1/Input.stories.tsx","componentPath":"./src/v1/inputs","tags":["dev","test","autodocs"]},"components-v1-client-link--docs":{"id":"components-v1-client-link--docs","title":"Components/v1/client/Link","name":"Docs","importPath":"./stories/v1/Link.client.stories.tsx","type":"docs","tags":["dev","test","autodocs"],"storiesImports":[]},"components-v1-client-link--with-click-handler":{"type":"story","id":"components-v1-client-link--with-click-handler","name":"With Click Handler","title":"Components/v1/client/Link","importPath":"./stories/v1/Link.client.stories.tsx","componentPath":"./src/v1/Link","tags":["dev","test","autodocs"]},"components-v1-client-link--external-navigation":{"type":"story","id":"components-v1-client-link--external-navigation","name":"External Navigation","title":"Components/v1/client/Link","importPath":"./stories/v1/Link.client.stories.tsx","componentPath":"./src/v1/Link","tags":["dev","test","autodocs"]},"components-v1-client-link--dynamic-external-link":{"type":"story","id":"components-v1-client-link--dynamic-external-link","name":"Dynamic External Link","title":"Components/v1/client/Link","importPath":"./stories/v1/Link.client.stories.tsx","componentPath":"./src/v1/Link","tags":["dev","test","autodocs"]},"components-v1-link--docs":{"id":"components-v1-link--docs","title":"Components/v1/Link","name":"Docs","importPath":"./stories/v1/Link.stories.tsx","type":"docs","tags":["dev","test","autodocs"],"storiesImports":[]},"components-v1-link--large-format":{"type":"story","id":"components-v1-link--large-format","name":"Large Format","title":"Components/v1/Link","importPath":"./stories/v1/Link.stories.tsx","componentPath":"./src/v1/Link","tags":["dev","test","autodocs"]},"components-v1-link--extra-small-format":{"type":"story","id":"components-v1-link--extra-small-format","name":"Extra Small Format","title":"Components/v1/Link","importPath":"./stories/v1/Link.stories.tsx","componentPath":"./src/v1/Link","tags":["dev","test","autodocs"]},"components-v1-link--all-variations":{"type":"story","id":"components-v1-link--all-variations","name":"All Variations","title":"Components/v1/Link","importPath":"./stories/v1/Link.stories.tsx","componentPath":"./src/v1/Link","tags":["dev","test","autodocs"]},"components-v1-loadedspinicon--default":{"type":"story","id":"components-v1-loadedspinicon--default","name":"Default","title":"Components/v1/LoadedSpinIcon","importPath":"./stories/v1/LoadedSpinIcon.stories.tsx","componentPath":"./src/v1/LoadedSpinIcon","tags":["dev","test"]},"components-v1-client-notification--docs":{"id":"components-v1-client-notification--docs","title":"Components/v1/client/Notification","name":"Docs","importPath":"./stories/v1/Notification.stories.tsx","type":"docs","tags":["dev","test","autodocs"],"storiesImports":[]},"components-v1-client-notification--default":{"type":"story","id":"components-v1-client-notification--default","name":"Default","title":"Components/v1/client/Notification","importPath":"./stories/v1/Notification.stories.tsx","tags":["dev","test","autodocs"]},"components-v1-price--docs":{"id":"components-v1-price--docs","title":"Components/v1/Price","name":"Docs","importPath":"./stories/v1/Price.stories.tsx","type":"docs","tags":["dev","test","autodocs"],"storiesImports":[]},"components-v1-price--string-price":{"type":"story","id":"components-v1-price--string-price","name":"String Price","title":"Components/v1/Price","importPath":"./stories/v1/Price.stories.tsx","tags":["dev","test","autodocs"]},"components-v1-price--number-price":{"type":"story","id":"components-v1-price--number-price","name":"Number Price","title":"Components/v1/Price","importPath":"./stories/v1/Price.stories.tsx","tags":["dev","test","autodocs"]},"components-v1-price--with-preposition":{"type":"story","id":"components-v1-price--with-preposition","name":"With Preposition","title":"Components/v1/Price","importPath":"./stories/v1/Price.stories.tsx","tags":["dev","test","autodocs"]},"components-v1-pricerange--docs":{"id":"components-v1-pricerange--docs","title":"Components/v1/PriceRange","name":"Docs","importPath":"./stories/v1/PriceRange.stories.tsx","type":"docs","tags":["dev","test","autodocs"],"storiesImports":[]},"components-v1-pricerange--price":{"type":"story","id":"components-v1-pricerange--price","name":"Price","title":"Components/v1/PriceRange","importPath":"./stories/v1/PriceRange.stories.tsx","tags":["dev","test","autodocs"]},"components-v1-pricerange--first-preposition":{"type":"story","id":"components-v1-pricerange--first-preposition","name":"First Preposition","title":"Components/v1/PriceRange","importPath":"./stories/v1/PriceRange.stories.tsx","tags":["dev","test","autodocs"]},"components-v1-pricerange--second-preposition":{"type":"story","id":"components-v1-pricerange--second-preposition","name":"Second Preposition","title":"Components/v1/PriceRange","importPath":"./stories/v1/PriceRange.stories.tsx","tags":["dev","test","autodocs"]},"components-v1-pricerange--both-preposition":{"type":"story","id":"components-v1-pricerange--both-preposition","name":"Both Preposition","title":"Components/v1/PriceRange","importPath":"./stories/v1/PriceRange.stories.tsx","tags":["dev","test","autodocs"]},"components-v1-pricerange--without-currency":{"type":"story","id":"components-v1-pricerange--without-currency","name":"Without Currency","title":"Components/v1/PriceRange","importPath":"./stories/v1/PriceRange.stories.tsx","tags":["dev","test","autodocs"]},"components-v1-pricerangewithoutcoins--docs":{"id":"components-v1-pricerangewithoutcoins--docs","title":"Components/v1/PriceRangeWithoutCoins","name":"Docs","importPath":"./stories/v1/PriceRangeWithoutCoins.stories.tsx","type":"docs","tags":["dev","test","autodocs"],"storiesImports":[]},"components-v1-pricerangewithoutcoins--without-param":{"type":"story","id":"components-v1-pricerangewithoutcoins--without-param","name":"Without Param","title":"Components/v1/PriceRangeWithoutCoins","importPath":"./stories/v1/PriceRangeWithoutCoins.stories.tsx","tags":["dev","test","autodocs"]},"components-v1-pricerangewithoutcoins--any-param-can-be-string":{"type":"story","id":"components-v1-pricerangewithoutcoins--any-param-can-be-string","name":"Any Param Can Be String","title":"Components/v1/PriceRangeWithoutCoins","importPath":"./stories/v1/PriceRangeWithoutCoins.stories.tsx","tags":["dev","test","autodocs"]},"components-v1-pricerangewithoutcoins--any-param-can-be-number":{"type":"story","id":"components-v1-pricerangewithoutcoins--any-param-can-be-number","name":"Any Param Can Be Number","title":"Components/v1/PriceRangeWithoutCoins","importPath":"./stories/v1/PriceRangeWithoutCoins.stories.tsx","tags":["dev","test","autodocs"]},"components-v1-pricerangewithoutcoins--both-param":{"type":"story","id":"components-v1-pricerangewithoutcoins--both-param","name":"Both Param","title":"Components/v1/PriceRangeWithoutCoins","importPath":"./stories/v1/PriceRangeWithoutCoins.stories.tsx","tags":["dev","test","autodocs"]},"components-v1-client-select--docs":{"id":"components-v1-client-select--docs","title":"Components/v1/client/Select","name":"Docs","importPath":"./stories/v1/Select.stories.tsx","type":"docs","tags":["dev","test","autodocs"],"storiesImports":[]},"components-v1-client-select--select-lg":{"type":"story","id":"components-v1-client-select--select-lg","name":"Select LG","title":"Components/v1/client/Select","importPath":"./stories/v1/Select.stories.tsx","tags":["dev","test","autodocs"]},"components-v1-client-select--select-xs":{"type":"story","id":"components-v1-client-select--select-xs","name":"Select XS","title":"Components/v1/client/Select","importPath":"./stories/v1/Select.stories.tsx","tags":["dev","test","autodocs"]},"components-v1-spin--small":{"type":"story","id":"components-v1-spin--small","name":"Small","title":"Components/v1/Spin","importPath":"./stories/v1/Spin.stories.tsx","componentPath":"./src/v1/Spin","tags":["dev","test"]},"components-v1-spin--large":{"type":"story","id":"components-v1-spin--large","name":"Large","title":"Components/v1/Spin","importPath":"./stories/v1/Spin.stories.tsx","componentPath":"./src/v1/Spin","tags":["dev","test"]},"components-v1-switch--docs":{"id":"components-v1-switch--docs","title":"Components/v1/Switch","name":"Docs","importPath":"./stories/v1/Switch.stories.tsx","type":"docs","tags":["dev","test","autodocs"],"storiesImports":[]},"components-v1-switch--default-size":{"type":"story","id":"components-v1-switch--default-size","name":"Default Size","title":"Components/v1/Switch","importPath":"./stories/v1/Switch.stories.tsx","componentPath":"./src/v1/Switch","tags":["dev","test","autodocs"]},"components-v1-switch--extra-small-size":{"type":"story","id":"components-v1-switch--extra-small-size","name":"Extra Small Size","title":"Components/v1/Switch","importPath":"./stories/v1/Switch.stories.tsx","componentPath":"./src/v1/Switch","tags":["dev","test","autodocs"]},"components-v1-client-tags--docs":{"id":"components-v1-client-tags--docs","title":"Components/v1/client/Tags","name":"Docs","importPath":"./stories/v1/Tags.stories.tsx","type":"docs","tags":["dev","test","autodocs"],"storiesImports":[]},"components-v1-client-tags--lg-format":{"type":"story","id":"components-v1-client-tags--lg-format","name":"LG Format","title":"Components/v1/client/Tags","importPath":"./stories/v1/Tags.stories.tsx","tags":["dev","test","autodocs"]},"components-v1-client-tags--xs-format":{"type":"story","id":"components-v1-client-tags--xs-format","name":"XS Format","title":"Components/v1/client/Tags","importPath":"./stories/v1/Tags.stories.tsx","tags":["dev","test","autodocs"]},"components-v1-client-tags--single-tag-example":{"type":"story","id":"components-v1-client-tags--single-tag-example","name":"Single Tag Example","title":"Components/v1/client/Tags","importPath":"./stories/v1/Tags.stories.tsx","tags":["dev","test","autodocs"]},"components-v1-tooltip--default":{"type":"story","id":"components-v1-tooltip--default","name":"Default","title":"Components/v1/Tooltip","importPath":"./stories/v1/Tooltip.stories.tsx","componentPath":"./src/v1/Tooltip","tags":["dev","test"]},"components-v1-tooltip--dark-theme":{"type":"story","id":"components-v1-tooltip--dark-theme","name":"Dark Theme","title":"Components/v1/Tooltip","importPath":"./stories/v1/Tooltip.stories.tsx","componentPath":"./src/v1/Tooltip","tags":["dev","test"]},"components-v1-tooltip--grey-theme":{"type":"story","id":"components-v1-tooltip--grey-theme","name":"Grey Theme","title":"Components/v1/Tooltip","importPath":"./stories/v1/Tooltip.stories.tsx","componentPath":"./src/v1/Tooltip","tags":["dev","test"]},"components-v1-tooltip--white-theme":{"type":"story","id":"components-v1-tooltip--white-theme","name":"White Theme","title":"Components/v1/Tooltip","importPath":"./stories/v1/Tooltip.stories.tsx","componentPath":"./src/v1/Tooltip","tags":["dev","test"]},"components-v1-tooltip--market-tooltip":{"type":"story","id":"components-v1-tooltip--market-tooltip","name":"Market Tooltip","title":"Components/v1/Tooltip","importPath":"./stories/v1/Tooltip.stories.tsx","componentPath":"./src/v1/Tooltip","tags":["dev","test"]},"components-v1-tooltip--custom-width":{"type":"story","id":"components-v1-tooltip--custom-width","name":"Custom Width","title":"Components/v1/Tooltip","importPath":"./stories/v1/Tooltip.stories.tsx","componentPath":"./src/v1/Tooltip","tags":["dev","test"]},"components-v1-tooltip--placement-top":{"type":"story","id":"components-v1-tooltip--placement-top","name":"Placement Top","title":"Components/v1/Tooltip","importPath":"./stories/v1/Tooltip.stories.tsx","componentPath":"./src/v1/Tooltip","tags":["dev","test"]},"components-v1-tooltip--placement-bottom":{"type":"story","id":"components-v1-tooltip--placement-bottom","name":"Placement Bottom","title":"Components/v1/Tooltip","importPath":"./stories/v1/Tooltip.stories.tsx","componentPath":"./src/v1/Tooltip","tags":["dev","test"]},"components-v1-tooltip--placement-left":{"type":"story","id":"components-v1-tooltip--placement-left","name":"Placement Left","title":"Components/v1/Tooltip","importPath":"./stories/v1/Tooltip.stories.tsx","componentPath":"./src/v1/Tooltip","tags":["dev","test"]},"components-v1-tooltip--placement-right":{"type":"story","id":"components-v1-tooltip--placement-right","name":"Placement Right","title":"Components/v1/Tooltip","importPath":"./stories/v1/Tooltip.stories.tsx","componentPath":"./src/v1/Tooltip","tags":["dev","test"]},"components-v1-typography--docs":{"id":"components-v1-typography--docs","title":"Components/v1/Typography","name":"Docs","importPath":"./stories/v1/Typography.stories.tsx","type":"docs","tags":["dev","test","autodocs"],"storiesImports":[]},"components-v1-typography--heading":{"type":"story","id":"components-v1-typography--heading","name":"Heading","title":"Components/v1/Typography","importPath":"./stories/v1/Typography.stories.tsx","tags":["dev","test","autodocs"]},"components-v1-typography--accent-title":{"type":"story","id":"components-v1-typography--accent-title","name":"Accent Title","title":"Components/v1/Typography","importPath":"./stories/v1/Typography.stories.tsx","tags":["dev","test","autodocs"]},"components-v1-typography--subtitle":{"type":"story","id":"components-v1-typography--subtitle","name":"Subtitle","title":"Components/v1/Typography","importPath":"./stories/v1/Typography.stories.tsx","tags":["dev","test","autodocs"]},"components-v1-typography--basic-text":{"type":"story","id":"components-v1-typography--basic-text","name":"Basic Text","title":"Components/v1/Typography","importPath":"./stories/v1/Typography.stories.tsx","tags":["dev","test","autodocs"]},"components-v1-typography--caption-text":{"type":"story","id":"components-v1-typography--caption-text","name":"Caption Text","title":"Components/v1/Typography","importPath":"./stories/v1/Typography.stories.tsx","tags":["dev","test","autodocs"]},"components-v1-typography--styled-text":{"type":"story","id":"components-v1-typography--styled-text","name":"Styled Text","title":"Components/v1/Typography","importPath":"./stories/v1/Typography.stories.tsx","tags":["dev","test","autodocs"]},"components-v1-typography--inline-text":{"type":"story","id":"components-v1-typography--inline-text","name":"Inline Text","title":"Components/v1/Typography","importPath":"./stories/v1/Typography.stories.tsx","tags":["dev","test","autodocs"]},"components-v1-typography--title-levels":{"type":"story","id":"components-v1-typography--title-levels","name":"Title Levels","title":"Components/v1/Typography","importPath":"./stories/v1/Typography.stories.tsx","tags":["dev","test","autodocs"]},"components-v1-typography--text-formats":{"type":"story","id":"components-v1-typography--text-formats","name":"Text Formats","title":"Components/v1/Typography","importPath":"./stories/v1/Typography.stories.tsx","tags":["dev","test","autodocs"]},"components-v2-client-checkbox--default":{"type":"story","id":"components-v2-client-checkbox--default","name":"Default","title":"Components/v2/client/Checkbox","importPath":"./stories/v2/Checkbox.V2.stories.tsx","componentPath":"./src/v2/Checkbox","tags":["dev","test"]},"components-v2-client-checkbox--checked":{"type":"story","id":"components-v2-client-checkbox--checked","name":"Checked","title":"Components/v2/client/Checkbox","importPath":"./stories/v2/Checkbox.V2.stories.tsx","componentPath":"./src/v2/Checkbox","tags":["dev","test"]},"components-v2-client-checkbox--disabled":{"type":"story","id":"components-v2-client-checkbox--disabled","name":"Disabled","title":"Components/v2/client/Checkbox","importPath":"./stories/v2/Checkbox.V2.stories.tsx","componentPath":"./src/v2/Checkbox","tags":["dev","test"]},"components-v2-typography--docs":{"id":"components-v2-typography--docs","title":"Components/v2/Typography","name":"Docs","importPath":"./stories/v2/Typography.V2.stories.tsx","type":"docs","tags":["dev","test","autodocs"],"storiesImports":[]},"components-v2-typography--heading":{"type":"story","id":"components-v2-typography--heading","name":"Heading","title":"Components/v2/Typography","importPath":"./stories/v2/Typography.V2.stories.tsx","tags":["dev","test","autodocs"]},"components-v2-typography--accent-title":{"type":"story","id":"components-v2-typography--accent-title","name":"Accent Title","title":"Components/v2/Typography","importPath":"./stories/v2/Typography.V2.stories.tsx","tags":["dev","test","autodocs"]},"components-v2-typography--subtitle":{"type":"story","id":"components-v2-typography--subtitle","name":"Subtitle","title":"Components/v2/Typography","importPath":"./stories/v2/Typography.V2.stories.tsx","tags":["dev","test","autodocs"]},"components-v2-typography--basic-text":{"type":"story","id":"components-v2-typography--basic-text","name":"Basic Text","title":"Components/v2/Typography","importPath":"./stories/v2/Typography.V2.stories.tsx","tags":["dev","test","autodocs"]},"components-v2-typography--caption-text":{"type":"story","id":"components-v2-typography--caption-text","name":"Caption Text","title":"Components/v2/Typography","importPath":"./stories/v2/Typography.V2.stories.tsx","tags":["dev","test","autodocs"]},"components-v2-typography--styled-text":{"type":"story","id":"components-v2-typography--styled-text","name":"Styled Text","title":"Components/v2/Typography","importPath":"./stories/v2/Typography.V2.stories.tsx","tags":["dev","test","autodocs"]},"components-v2-typography--inline-text":{"type":"story","id":"components-v2-typography--inline-text","name":"Inline Text","title":"Components/v2/Typography","importPath":"./stories/v2/Typography.V2.stories.tsx","tags":["dev","test","autodocs"]},"components-v2-typography--title-levels":{"type":"story","id":"components-v2-typography--title-levels","name":"Title Levels","title":"Components/v2/Typography","importPath":"./stories/v2/Typography.V2.stories.tsx","tags":["dev","test","autodocs"]},"components-v2-typography--text-formats":{"type":"story","id":"components-v2-typography--text-formats","name":"Text Formats","title":"Components/v2/Typography","importPath":"./stories/v2/Typography.V2.stories.tsx","tags":["dev","test","autodocs"]}}}